timestamp,vo_x,vo_y,vo_z,enc_x,enc_y,enc_theta
1.904,0.0000,0.0000,0.0000,0.0000,0.0000,0.0000
1.986,0.0000,0.0000,0.0000,0.0000,0.0000,0.0000
2.023,0.0000,0.0000,0.0000,0.0000,0.0000,0.0000
2.061,0.0000,0.0000,0.0000,0.0000,0.0000,0.0000
2.099,0.0000,0.0000,0.0000,0.0000,0.0000,0.0000
2.137,0.0000,0.0000,0.0000,0.0000,0.0000,0.0000
2.174,0.0000,0.0000,0.0000,0.0000,0.0000,0.0000
2.212,0.0000,0.0000,0.0000,0.0000,0.0000,0.0000
2.250,0.0000,0.0000,0.0000,0.0000,0.0000,0.0000
2.287,0.0000,0.0000,0.0000,0.0000,0.0000,0.0000
2.324,0.0000,0.0000,0.0000,0.0000,0.0000,0.0000
2.362,0.0000,0.0000,0.0000,0.0000,0.0000,0.0000
2.399,0.0000,0.0000,0.0000,0.0000,0.0000,0.0000
2.437,0.0000,0.0000,0.0000,0.0000,0.0000,0.0000
2.475,0.0000,0.0000,0.0000,0.0000,0.0000,0.0000
2.512,0.0000,0.0000,0.0000,0.0000,0.0000,0.0000
2.550,0.0000,0.0000,0.0000,0.0000,0.0000,0.0000
2.586,0.0000,0.0000,0.0000,0.0000,0.0000,0.0000
2.623,0.0000,0.0000,0.0000,0.0000,0.0000,0.0000
2.660,0.0000,0.0000,0.0000,0.0000,0.0000,0.0000
2.698,0.0000,0.0000,0.0000,0.0000,0.0000,0.0000
2.736,0.0000,0.0000,0.0000,0.0000,0.0000,0.0000
2.773,0.0000,0.0000,0.0000,0.0000,0.0000,0.0000
2.811,0.0000,0.0000,0.0000,0.0000,0.0000,0.0000
2.848,0.0000,0.0000,0.0000,0.0000,0.0000,0.0000
2.885,0.0000,0.0000,0.0000,0.0000,0.0000,0.0000
2.927,0.0000,0.0000,0.0000,0.0000,0.0000,0.0000
2.972,0.0000,0.0000,0.0000,0.0000,0.0000,0.0000
3.009,0.0000,0.0000,0.0000,0.0000,0.0000,0.0000
3.100,0.0000,0.0000,0.0000,0.0000,0.0000,0.0000
3.139,0.0000,0.0000,0.0000,0.0000,0.0000,0.0000
3.179,0.0000,0.0000,0.0000,0.0000,0.0000,0.0000
3.218,0.0000,0.0000,0.0000,0.0000,0.0000,0.0000
3.262,0.0000,0.0000,0.0000,0.0000,0.0000,0.0000
3.305,0.0000,0.0000,0.0000,0.0000,0.0000,0.0000
3.344,0.0000,0.0000,0.0000,0.0000,0.0000,0.0000
3.389,0.0000,0.0000,0.0000,0.0000,0.0000,0.0000
3.426,0.0000,0.0000,0.0000,0.0000,0.0000,0.0000
3.467,0.0000,0.0000,0.0000,0.0000,0.0000,0.0000
3.513,0.0000,0.0000,0.0000,0.0000,0.0000,0.0000
3.551,0.0000,0.0000,0.0000,0.0000,0.0000,0.0000
3.597,0.0000,0.0000,0.0000,0.0000,0.0000,0.0000
3.635,0.0000,0.0000,0.0000,0.0000,0.0000,0.0000
3.674,0.0000,0.0000,0.0000,0.0000,0.0000,0.0000
3.722,0.0000,0.0000,0.0000,0.0000,0.0000,0.0000
3.759,0.0000,0.0000,0.0000,0.0000,0.0000,0.0000
3.847,0.0000,0.0000,0.0000,0.0000,0.0000,0.0000
3.884,0.0000,0.0000,0.0000,0.0000,0.0000,0.0000
3.929,0.0000,0.0000,0.0000,0.0000,0.0000,0.0000
3.966,0.0000,0.0000,0.0000,0.0000,0.0000,0.0000
4.007,0.0000,0.0000,0.0000,0.0000,0.0000,0.0000
4.054,0.0000,0.0000,0.0000,0.0000,0.0000,0.0000
4.091,0.0000,0.0000,0.0000,0.0000,0.0000,0.0000
4.136,0.0000,0.0000,0.0000,0.0000,0.0000,0.0000
4.174,0.0000,0.0000,0.0000,0.0000,0.0000,0.0000
4.214,0.0000,0.0000,0.0000,0.0000,0.0000,0.0000
4.261,0.0000,0.0000,0.0000,0.0000,0.0000,0.0000
4.299,0.0000,0.0000,0.0000,0.0000,0.0000,0.0000
4.338,0.0000,0.0000,0.0000,0.0000,0.0000,0.0000
4.386,0.0000,0.0000,0.0000,0.0000,0.0000,0.0000
4.423,0.0000,0.0000,0.0000,0.0000,0.0000,0.0000
4.469,0.0000,0.0000,0.0000,0.0000,0.0000,0.0000
4.507,0.0000,0.0000,0.0000,0.0000,0.0000,0.0000
4.547,0.0000,0.0000,0.0000,0.0000,0.0000,0.0000
4.593,0.0000,0.0000,0.0000,0.0000,0.0000,0.0000
4.630,0.0000,0.0000,0.0000,0.0000,0.0000,0.0000
4.672,0.0000,0.0000,0.0000,0.0000,0.0000,0.0000
4.718,0.0000,0.0000,0.0000,0.0000,0.0000,0.0000
4.756,0.0000,0.0000,0.0000,0.0000,0.0000,0.0000
4.802,0.0000,0.0000,0.0000,0.0000,0.0000,0.0000
4.840,0.0000,0.0000,0.0000,0.0000,0.0000,0.0000
4.879,0.0000,0.0000,0.0000,0.0000,0.0000,0.0000
4.926,0.0000,0.0000,0.0000,0.0000,0.0000,0.0000
4.963,0.0000,0.0000,0.0000,0.0000,0.0000,0.0000
5.010,0.0000,0.0000,0.0000,0.0000,0.0000,0.0000
5.047,0.0000,0.0000,0.0000,0.0000,0.0000,0.0000
5.086,0.0000,0.0000,0.0000,0.0000,0.0000,0.0000
5.133,0.0000,0.0000,0.0000,0.0000,0.0000,0.0000
5.170,0.0000,0.0000,0.0000,0.0000,0.0000,0.0000
5.212,0.0000,0.0000,0.0000,0.0000,0.0000,0.0000
5.257,0.0000,0.0000,0.0000,0.0000,0.0000,0.0000
5.294,0.0000,0.0000,0.0000,0.0000,0.0000,0.0000
5.341,0.0000,0.0000,0.0000,0.0000,0.0000,0.0000
5.379,0.0000,0.0000,0.0000,0.0000,0.0000,0.0000
5.419,0.0000,0.0000,0.0000,0.0000,0.0000,0.0000
5.466,0.0000,0.0000,0.0000,0.0000,0.0000,0.0000
5.503,0.0000,0.0000,0.0000,0.0000,0.0000,0.0000
5.550,0.0000,0.0000,0.0000,0.0000,0.0000,0.0000
5.587,0.0000,0.0000,0.0000,0.0000,0.0000,0.0000
5.626,0.0000,0.0000,0.0000,0.0000,0.0000,0.0000
5.675,0.0000,0.0000,0.0000,0.0000,0.0000,0.0000
5.712,0.0000,0.0000,0.0000,0.0000,0.0000,0.0000
5.750,0.0000,0.0000,0.0000,0.0000,0.0000,0.0000
5.798,0.0000,0.0000,0.0000,0.0000,0.0000,0.0000
5.836,0.0000,0.0000,0.0000,0.0000,0.0000,0.0000
5.881,0.0000,0.0000,0.0000,0.0000,0.0000,0.0000
5.918,0.0000,0.0000,0.0000,0.0000,0.0000,0.0000
5.960,0.0000,0.0000,0.0000,0.0000,0.0000,0.0000
6.005,0.0000,0.0000,0.0000,0.0000,0.0000,0.0000
6.042,0.0000,0.0000,0.0000,0.0000,0.0000,0.0000
6.084,0.0000,0.0000,0.0000,0.0000,0.0000,0.0000
6.130,0.0000,0.0000,0.0000,0.0000,0.0000,0.0000
6.167,0.0000,0.0000,0.0000,0.0000,0.0000,0.0000
6.215,0.0000,0.0000,0.0000,0.0000,0.0000,0.0000
6.252,0.0000,0.0000,0.0000,0.0000,0.0000,0.0000
6.290,0.0000,0.0000,0.0000,0.0000,0.0000,0.0000
6.338,0.0000,0.0000,0.0000,0.0000,0.0000,0.0000
6.375,0.0000,0.0000,0.0000,0.0000,0.0000,0.0000
6.421,0.0000,0.0000,0.0000,0.0000,0.0000,0.0000
6.459,0.0000,0.0000,0.0000,0.0000,0.0000,0.0000
6.499,0.0000,0.0000,0.0000,0.0000,0.0000,0.0000
6.546,0.0000,0.0000,0.0000,0.0000,0.0000,0.0000
6.583,0.0000,0.0000,0.0000,0.0000,0.0000,0.0000
6.624,0.0000,0.0000,0.0000,0.0000,0.0000,0.0000
6.669,0.0000,0.0000,0.0000,0.0000,0.0000,0.0000
6.706,0.0000,0.0000,0.0000,0.0000,0.0000,0.0000
6.754,0.0000,0.0000,0.0000,0.0000,0.0000,0.0000
6.791,0.0000,0.0000,0.0000,0.0000,0.0000,0.0000
6.832,0.0000,0.0000,0.0000,0.0000,0.0000,0.0000
6.878,0.0000,0.0000,0.0000,0.0000,0.0000,0.0000
6.915,0.0000,0.0000,0.0000,0.0000,0.0000,0.0000
6.956,0.0000,0.0000,0.0000,0.0000,0.0000,0.0000
7.001,0.0000,0.0000,0.0000,0.0000,0.0000,0.0000
7.038,0.0000,0.0000,0.0000,0.0000,0.0000,0.0000
7.086,0.0000,0.0000,0.0000,0.0000,0.0000,0.0000
7.124,0.0000,0.0000,0.0000,0.0000,0.0000,0.0000
7.165,0.0000,0.0000,0.0000,0.0000,0.0000,0.0000
7.208,0.0000,0.0000,0.0000,0.0000,0.0000,0.0000
7.247,0.0000,0.0000,0.0000,0.0000,0.0000,0.0000
7.294,0.0000,0.0000,0.0000,0.0000,0.0000,0.0000
7.332,0.0000,0.0000,0.0000,0.0000,0.0000,0.0000
7.371,0.0000,0.0000,0.0000,0.0000,0.0000,0.0000
7.418,0.0000,0.0000,0.0000,0.0000,0.0000,0.0000
7.455,0.0000,0.0000,0.0000,0.0000,0.0000,0.0000
7.495,0.0000,0.0000,0.0000,0.0000,0.0000,0.0000
7.543,0.0000,0.0000,0.0000,0.0000,0.0000,0.0000
7.581,0.0000,0.0000,0.0000,0.0000,0.0000,0.0000
7.626,0.0000,0.0000,0.0000,0.0000,0.0000,0.0000
7.663,0.0000,0.0000,0.0000,0.0000,0.0000,0.0000
7.704,0.0000,0.0000,0.0000,0.0000,0.0000,0.0000
7.750,0.0000,0.0000,0.0000,0.0000,0.0000,0.0000
7.788,0.0000,0.0000,0.0000,0.0000,0.0000,0.0000
7.826,0.0000,0.0000,0.0000,0.0000,0.0000,0.0000
7.874,0.0000,0.0000,0.0000,0.0000,0.0000,0.0000
7.911,0.0000,0.0000,0.0000,0.0000,0.0000,0.0000
7.958,0.0000,0.0000,0.0000,0.0000,0.0000,0.0000
7.995,0.0000,0.0000,0.0000,0.0000,0.0000,0.0000
8.036,0.0000,0.0000,0.0000,0.0000,0.0000,0.0000
8.081,0.0000,0.0000,0.0000,0.0000,0.0000,0.0000
8.117,0.0000,0.0000,0.0000,0.0000,0.0000,0.0000
8.166,0.0000,0.0000,0.0000,0.0000,0.0000,0.0000
8.203,0.0000,0.0000,0.0000,0.0000,0.0000,0.0000
8.293,0.0000,0.0000,0.0000,0.0000,0.0000,0.0000
8.331,0.0000,0.0000,0.0000,0.0000,0.0000,0.0000
8.368,0.0000,0.0000,0.0000,0.0000,0.0000,0.0000
8.413,0.0000,0.0000,0.0000,0.0000,0.0000,0.0000
8.451,0.0000,0.0000,0.0000,0.0000,0.0000,0.0000
8.498,0.0000,0.0000,0.0000,0.0000,0.0000,0.0000
8.534,0.0000,0.0000,0.0000,0.0000,0.0000,0.0000
8.577,0.0000,0.0000,0.0000,0.0000,0.0000,0.0000
8.620,0.0000,0.0000,0.0000,0.0000,0.0000,0.0000
8.659,0.0000,0.0000,0.0000,0.0000,0.0000,0.0000
8.707,0.0000,0.0000,0.0000,0.0000,0.0000,0.0000
8.744,0.0000,0.0000,0.0000,0.0000,0.0000,0.0000
8.783,0.0000,0.0000,0.0000,0.0000,0.0000,0.0000
8.831,0.0000,0.0000,0.0000,0.0000,0.0000,0.0000
8.868,0.0000,0.0000,0.0000,0.0000,0.0000,0.0000
8.906,0.0000,0.0000,0.0000,0.0000,0.0000,0.0000
8.955,0.0000,0.0000,0.0000,0.0000,0.0000,0.0000
8.991,0.0000,0.0000,0.0000,0.0000,0.0000,0.0000
9.037,0.0000,0.0000,0.0000,0.0000,0.0000,0.0000
9.075,0.0000,0.0000,0.0000,0.0000,0.0000,0.0000
9.117,0.0000,0.0000,0.0000,0.0000,0.0000,0.0000
9.162,0.0000,0.0000,0.0000,0.0000,0.0000,0.0000
9.199,0.0000,0.0000,0.0000,0.0000,0.0000,0.0000
9.240,0.0000,0.0000,0.0000,0.0000,0.0000,0.0000
9.286,0.0000,0.0000,0.0000,0.0000,0.0000,0.0000
9.323,0.0000,0.0000,0.0000,0.0000,0.0000,0.0000
9.370,0.0000,0.0000,0.0000,0.0000,0.0000,0.0000
9.407,0.0000,0.0000,0.0000,0.0000,0.0000,0.0000
9.448,0.0000,0.0000,0.0000,0.0000,0.0000,0.0000
9.494,0.0000,0.0000,0.0000,0.0000,0.0000,0.0000
9.532,0.0000,0.0000,0.0000,0.0000,0.0000,0.0000
9.578,0.0000,0.0000,0.0000,0.0000,0.0000,0.0000
9.615,0.0000,0.0000,0.0000,0.0000,0.0000,0.0000
9.656,0.0000,0.0000,0.0000,0.0000,0.0000,0.0000
9.702,0.0000,0.0000,0.0000,0.0000,0.0000,0.0000
9.740,0.0000,0.0000,0.0000,0.0000,0.0000,0.0000
9.781,0.0000,0.0000,0.0000,0.0000,0.0000,0.0000
9.826,0.0000,0.0000,0.0000,0.0000,0.0000,0.0000
9.866,0.0000,0.0000,0.0000,0.0000,0.0000,0.0000
9.909,0.0000,0.0000,0.0000,0.0000,0.0000,0.0000
9.947,0.0000,0.0000,0.0000,0.0000,0.0000,0.0000
9.989,0.0000,0.0000,0.0000,0.0000,0.0000,0.0000
10.034,0.0000,0.0000,0.0000,0.0000,0.0000,0.0000
10.071,0.0000,0.0000,0.0000,0.0000,0.0000,0.0000
10.162,0.0000,0.0000,0.0000,0.0000,0.0000,0.0000
10.200,0.0000,0.0000,0.0000,0.0000,0.0000,0.0000
10.240,0.0000,0.0000,0.0000,0.0000,0.0000,0.0000
10.280,0.0000,0.0000,0.0000,0.0000,0.0000,0.0000
10.320,0.0000,0.0000,0.0000,0.0000,0.0000,0.0000
10.367,0.0000,0.0000,0.0000,0.0000,0.0000,0.0000
10.404,0.0000,0.0000,0.0000,0.0000,0.0000,0.0000
10.450,0.0000,0.0000,0.0000,0.0000,0.0000,0.0000
10.533,0.0000,0.0000,0.0000,0.0000,0.0000,0.0000
10.571,0.0000,0.0000,0.0000,0.0000,0.0000,0.0000
10.613,0.0000,0.0000,0.0000,0.0000,0.0000,0.0000
10.651,0.0000,0.0000,0.0000,0.0000,0.0000,0.0000
10.700,0.0000,0.0000,0.0000,0.0000,0.0000,0.0000
10.737,0.0000,0.0000,0.0000,0.0000,0.0000,0.0000
10.781,0.0000,0.0000,0.0000,0.0000,0.0000,0.0000
10.819,0.0000,0.0000,0.0000,0.0000,0.0000,0.0000
10.862,0.0000,0.0000,0.0000,0.0000,0.0000,0.0000
10.907,0.0000,0.0000,0.0000,0.0000,0.0000,0.0000
10.943,0.0000,0.0000,0.0000,0.0000,0.0000,0.0000
10.991,0.0000,0.0000,0.0000,0.0000,0.0000,0.0000
11.028,0.0000,0.0000,0.0000,0.0000,0.0000,0.0000
11.067,0.0000,0.0000,0.0000,0.0000,0.0000,0.0000
11.116,0.0000,0.0000,0.0000,0.0000,0.0000,0.0000
11.153,0.0000,0.0000,0.0000,0.0000,0.0000,0.0000
11.191,0.0000,0.0000,0.0000,0.0000,0.0000,0.0000
11.238,0.0000,0.0000,0.0000,0.0000,0.0000,0.0000
11.276,0.0000,0.0000,0.0000,0.0000,0.0000,0.0000
11.323,0.0000,0.0000,0.0000,0.0000,0.0000,0.0000
11.360,0.0000,0.0000,0.0000,0.0000,0.0000,0.0000
11.400,0.0000,0.0000,0.0000,0.0000,0.0000,0.0000
11.446,0.0000,0.0000,0.0000,0.0000,0.0000,0.0000
11.483,0.0000,0.0000,0.0000,0.0000,0.0000,0.0000
11.525,0.0000,0.0000,0.0000,0.0000,0.0000,0.0000
11.570,0.0000,0.0000,0.0000,0.0000,0.0000,0.0000
11.607,0.0000,0.0000,0.0000,0.0000,0.0000,0.0000
11.656,0.0000,0.0000,0.0000,0.0000,0.0000,0.0000
11.693,0.0000,0.0000,0.0000,0.0000,0.0000,0.0000
11.731,0.0000,0.0000,0.0000,0.0000,0.0000,0.0000
11.779,0.0000,0.0000,0.0000,0.0000,0.0000,0.0000
11.818,0.0000,0.0000,0.0000,0.0000,0.0000,0.0000
11.863,0.0000,0.0000,0.0000,0.0000,0.0000,0.0000
11.899,0.0000,0.0000,0.0000,0.0000,0.0000,0.0000
11.941,0.0000,0.0000,0.0000,0.0000,0.0000,0.0000
11.987,0.0000,0.0000,0.0000,0.0000,0.0000,0.0000
12.024,0.0000,0.0000,0.0000,0.0000,0.0000,0.0000
12.066,0.0000,0.0000,0.0000,0.0000,0.0000,0.0000
12.111,0.0000,0.0000,0.0000,0.0000,0.0000,0.0000
12.149,0.0000,0.0000,0.0000,0.0000,0.0000,0.0000
12.195,0.0000,0.0000,0.0000,0.0000,0.0000,0.0000
12.233,0.0000,0.0000,0.0000,0.0000,0.0000,0.0000
12.273,0.0000,0.0000,0.0000,0.0000,0.0000,0.0000
12.319,0.0000,0.0000,0.0000,0.0000,0.0000,0.0000
12.358,0.0000,0.0000,0.0000,0.0000,0.0000,0.0000
12.403,0.0000,0.0000,0.0000,0.0000,0.0000,0.0000
12.440,0.0000,0.0000,0.0000,0.0000,0.0000,0.0000
12.481,0.0000,0.0000,0.0000,0.0000,0.0000,0.0000
12.528,0.0000,0.0000,0.0000,0.0000,0.0000,0.0000
12.566,0.0000,0.0000,0.0000,0.0000,0.0000,0.0000
12.604,0.0000,0.0000,0.0000,0.0000,0.0000,0.0000
12.652,0.0000,0.0000,0.0000,0.0000,0.0000,0.0000
12.690,0.0000,0.0000,0.0000,0.0000,0.0000,0.0000
12.735,0.0000,0.0000,0.0000,0.0000,0.0000,0.0000
12.773,0.0000,0.0000,0.0000,0.0000,0.0000,0.0000
12.812,0.0000,0.0000,0.0000,0.0000,0.0000,0.0000
12.861,0.0000,0.0000,0.0000,0.0000,0.0000,0.0000
12.898,0.0000,0.0000,0.0000,0.0000,0.0000,0.0000
12.937,0.0000,0.0000,0.0000,0.0000,0.0000,0.0000
12.984,0.0000,0.0000,0.0000,0.0000,0.0000,0.0000
13.021,0.0000,0.0000,0.0000,0.0000,0.0000,0.0000
13.067,0.0000,0.0000,0.0000,0.0000,0.0000,0.0000
13.105,0.0000,0.0000,0.0000,0.0000,0.0000,0.0000
13.144,0.0000,0.0000,0.0000,0.0012,-0.0001,-0.0009
13.190,0.0000,0.0000,0.0000,0.0022,-0.0003,-0.0010
13.226,0.0000,0.0000,0.0000,0.0021,-0.0002,-0.0014
13.274,0.0000,0.0000,0.0000,0.0021,-0.0002,-0.0012
13.311,0.0000,0.0000,0.0000,0.0021,-0.0002,-0.0012
13.354,0.0000,0.0000,0.0000,0.0021,-0.0002,-0.0012
13.398,0.0000,0.0000,0.0000,0.0021,-0.0002,-0.0012
13.435,0.0000,0.0000,0.0000,0.0021,-0.0002,-0.0012
13.479,0.0000,0.0000,0.0000,0.0021,-0.0002,-0.0012
13.522,0.0000,0.0000,0.0000,0.0021,-0.0002,-0.0012
13.559,0.0000,0.0000,0.0000,0.0021,-0.0002,-0.0012
13.608,0.0000,0.0000,0.0000,0.0021,-0.0002,-0.0012
13.644,0.0000,0.0000,0.0000,0.0021,-0.0002,-0.0012
13.685,0.0000,0.0000,0.0000,0.0021,-0.0002,-0.0012
13.730,0.0000,0.0000,0.0000,0.0021,-0.0002,-0.0012
13.768,0.0000,0.0000,0.0000,0.0021,-0.0002,-0.0012
13.810,0.0000,0.0000,0.0000,0.0021,-0.0002,-0.0012
13.854,0.0000,0.0000,0.0000,0.0021,-0.0002,-0.0012
13.891,0.0000,0.0000,0.0000,0.0021,-0.0002,-0.0012
13.942,0.0000,0.0000,0.0000,0.0021,-0.0002,-0.0012
13.979,0.0000,0.0000,0.0000,0.0021,-0.0002,-0.0012
14.017,0.0000,0.0000,0.0000,0.0021,-0.0002,-0.0012
14.063,0.0000,0.0000,0.0000,0.0021,-0.0002,-0.0012
14.100,0.0000,0.0000,0.0000,0.0021,-0.0002,-0.0012
14.148,0.0000,0.0000,0.0000,0.0021,-0.0002,-0.0012
14.186,0.0000,0.0000,0.0000,0.0021,-0.0002,-0.0012
14.223,0.0000,0.0000,0.0000,0.0021,-0.0002,-0.0012
14.271,0.0000,0.0000,0.0000,0.0021,-0.0002,-0.0012
14.308,0.0000,0.0000,0.0000,0.0021,-0.0002,-0.0012
14.349,0.0000,0.0000,0.0000,0.0021,-0.0002,-0.0012
14.395,0.0000,0.0000,0.0000,0.0021,-0.0002,-0.0012
14.432,0.0000,0.0000,0.0000,0.0021,-0.0002,-0.0012
14.480,0.0000,0.0000,0.0000,0.0021,-0.0002,-0.0012
14.517,0.0000,0.0000,0.0000,0.0021,-0.0002,-0.0012
14.557,0.0000,0.0000,0.0000,0.0021,-0.0002,-0.0012
14.604,0.0000,0.0000,0.0000,0.0021,-0.0002,-0.0012
14.642,0.0000,0.0000,0.0000,0.0021,-0.0002,-0.0012
14.687,0.0000,0.0000,0.0000,0.0021,-0.0002,-0.0012
14.725,0.0000,0.0000,0.0000,0.0021,-0.0002,-0.0012
14.765,0.0000,0.0000,0.0000,0.0021,-0.0002,-0.0012
14.811,0.0000,0.0000,0.0000,0.0021,-0.0002,-0.0012
14.849,0.0000,0.0000,0.0000,0.0021,-0.0002,-0.0012
14.890,0.0000,0.0000,0.0000,0.0021,-0.0002,-0.0012
14.936,0.0000,0.0000,0.0000,0.0021,-0.0002,-0.0012
14.974,0.0000,0.0000,0.0000,0.0021,-0.0002,-0.0012
15.019,0.0000,0.0000,0.0000,0.0067,-0.0004,-0.0006
15.054,0.0000,0.0000,0.0000,0.0156,-0.0006,0.0027
15.096,0.0000,0.0000,0.0000,0.0300,-0.0004,0.0059
15.147,-0.3204,0.9431,-0.0886,0.0480,0.0007,0.0084
15.182,-0.3204,0.9431,-0.0886,0.0687,0.0017,0.0088
15.218,-0.5189,0.9022,-1.0678,0.0904,0.0017,0.0134
15.261,-0.5189,0.9022,-1.0678,0.1115,0.0009,0.0135
15.309,-0.5189,0.9022,-1.0678,0.1440,-0.0012,0.0161
15.346,-0.5189,0.9022,-1.0678,0.1663,-0.0016,0.0177
15.389,-0.5189,0.9022,-1.0678,0.1889,-0.0021,0.0209
15.426,-0.5189,0.9022,-1.0678,0.2124,-0.0017,0.0211
15.473,-0.5189,0.9022,-1.0678,0.2360,-0.0009,0.0258
15.509,-0.6371,0.9291,-2.0604,0.2595,0.0004,0.0289
15.566,-0.6371,0.9291,-2.0604,0.2954,0.0028,0.0339
15.604,-0.6371,0.9291,-2.0604,0.3071,0.0036,0.0344
15.639,-0.6371,0.9291,-2.0604,0.3308,0.0050,0.0351
15.683,-0.6371,0.9291,-2.0604,0.3546,0.0063,0.0356
15.723,-0.8363,0.9506,-3.0402,0.3783,0.0065,0.0397
15.758,-0.8363,0.9506,-3.0402,0.4018,0.0074,0.0409
15.809,-0.2221,0.1823,-3.2206,0.4377,0.0089,0.0425
15.845,-0.4029,0.1833,-4.2041,0.4496,0.0097,0.0429
15.899,-0.5574,0.1572,-5.1918,0.4841,0.0117,0.0437
15.934,-0.7448,0.2797,-6.1664,0.5057,0.0127,0.0458
15.973,-0.9307,0.3088,-7.1486,0.5237,0.0138,0.0484
16.019,-0.9348,-0.6912,-7.1560,0.5399,0.0149,0.0500
16.056,-0.7480,-0.8516,-6.1868,0.5545,0.0158,0.0507
16.101,-0.7480,-0.8516,-6.1868,0.5665,0.0157,0.0520
16.141,-0.9418,-0.7663,-7.1641,0.5762,0.0148,0.0527
16.184,-1.1868,-0.6558,-8.1273,0.5842,0.0141,0.0549
16.224,-1.1868,-0.6558,-8.1273,0.5902,0.0141,0.0566
16.266,-1.1868,-0.6558,-8.1273,0.5953,0.0142,0.0585
16.305,-1.1868,-0.6558,-8.1273,0.5960,0.0141,0.0606
16.378,-1.1868,-0.6558,-8.1273,0.5890,0.0138,0.0587
16.449,-1.1868,-0.6558,-8.1273,0.5635,0.0137,0.0547
16.513,-1.3775,-0.5343,-9.1014,0.5395,0.0129,0.0552
16.592,-1.6050,-0.4102,-10.0672,0.5064,0.0170,0.0535
16.642,-1.4122,-0.5139,-9.0915,0.4902,0.0207,0.0527
16.704,-1.2019,-0.5880,-8.1167,0.4660,0.0277,0.0541
16.787,-0.9556,-0.6421,-7.1490,0.4277,0.0427,0.0515
16.844,-0.7813,-0.7871,-6.1750,0.4124,0.0483,0.0536
16.910,-0.5677,-0.8758,-5.2022,0.3830,0.0602,0.0565
16.975,-0.3564,-0.9602,-4.2284,0.3560,0.0638,0.0557
17.037,-0.3564,-0.9602,-4.2284,0.3254,0.0628,0.0517
17.111,-0.3564,-0.9602,-4.2284,0.2850,0.0621,0.0520
17.179,-0.1496,-1.0607,-3.2552,0.2538,0.0612,0.0490
17.254,0.0470,-1.0781,-2.2748,0.2105,0.0580,0.0455
17.304,0.2670,-1.1751,-1.3042,0.1896,0.0567,0.0430
17.371,0.4607,-1.2783,-0.3286,0.1468,0.0531,0.0408
17.434,0.4607,-1.2783,-0.3286,0.1142,0.0507,0.0388
17.504,1.1781,-1.7089,0.2191,0.0816,0.0484,0.0367
17.568,1.1781,-1.7089,0.2191,0.0375,0.0458,0.0345
17.631,1.1781,-1.7089,0.2191,0.0045,0.0425,0.0358
17.698,1.1781,-1.7089,0.2191,-0.0275,0.0417,0.0323
17.763,1.4279,-1.8752,1.1730,-0.0592,0.0412,0.0291
17.833,1.2250,-2.5992,1.8322,-0.1020,0.0402,0.0230
17.900,1.4352,-2.7135,2.8031,-0.1346,0.0401,0.0209
17.971,1.4352,-2.7135,2.8031,-0.1745,0.0422,0.0214
18.039,1.2445,-2.6100,1.8270,-0.1993,0.0450,0.0202
18.100,1.2445,-2.6100,1.8270,-0.2184,0.0473,0.0181
18.189,0.8211,-1.7887,2.2093,-0.2377,0.0543,0.0182
18.242,0.8211,-1.7887,2.2093,-0.2421,0.0578,0.0176
18.294,0.8211,-1.7887,2.2093,-0.2464,0.0621,0.0161
18.361,0.8211,-1.7887,2.2093,-0.2467,0.0643,0.0157
18.426,0.8211,-1.7887,2.2093,-0.2288,0.0680,0.0195
18.509,0.8211,-1.7887,2.2093,-0.1928,0.0733,0.0183
18.564,0.9569,-1.4710,1.2709,-0.1728,0.0739,0.0210
18.624,0.8122,-1.7829,2.2099,-0.1432,0.0721,0.0213
18.703,0.8295,-1.8769,3.2053,-0.1027,0.0703,0.0233
18.761,1.1281,-1.0181,2.7890,-0.0703,0.0695,0.0268
18.826,1.1281,-1.0181,2.7890,-0.0249,0.0712,0.0265
18.897,0.9105,-1.8938,2.3581,0.0104,0.0711,0.0296
18.966,1.0775,-1.7907,1.3775,0.0599,0.0726,0.0350
18.999,1.0775,-1.7907,1.3775,0.0714,0.0719,0.0365
19.041,1.2696,-0.8094,1.3716,0.0945,0.0713,0.0397
19.081,1.0926,-1.7209,1.0004,0.1177,0.0707,0.0412
19.125,1.0926,-1.7209,1.0004,0.1412,0.0705,0.0431
19.164,1.0926,-1.7209,1.0004,0.1644,0.0706,0.0449
19.208,1.0926,-1.7209,1.0004,0.2009,0.0717,0.0435
19.248,1.0926,-1.7209,1.0004,0.2253,0.0722,0.0455
19.288,0.8900,-1.7557,0.0217,0.2499,0.0725,0.0485
19.335,0.8900,-1.7557,0.0217,0.2746,0.0739,0.0514
19.376,1.4836,-0.9571,-0.0775,0.2989,0.0748,0.0517
19.413,1.4836,-0.9571,-0.0775,0.3228,0.0753,0.0537
19.456,1.4670,0.0120,-0.3236,0.3472,0.0765,0.0552
19.498,0.9565,0.6688,-0.8785,0.3714,0.0778,0.0598
19.538,0.6869,0.4787,-1.8225,0.3958,0.0800,0.0612
19.587,0.6869,0.4787,-1.8225,0.4283,0.0824,0.0652
19.626,0.4393,0.3057,-2.7758,0.4466,0.0841,0.0684
19.666,0.4393,0.3057,-2.7758,0.4638,0.0852,0.0700
19.706,0.1738,0.0990,-3.7175,0.4786,0.0854,0.0723
19.743,0.1738,0.0990,-3.7175,0.4852,0.0854,0.0726
19.793,0.1738,0.0990,-3.7175,0.5009,0.0841,0.0737
19.857,0.1738,0.0990,-3.7175,0.5110,0.0809,0.0762
19.926,0.1738,0.0990,-3.7175,0.5184,0.0763,0.0750
19.999,-0.7467,0.4712,-3.5985,0.5208,0.0743,0.0758
20.064,-0.7467,0.4712,-3.5985,0.5212,0.0740,0.0759
20.135,-0.7467,0.4712,-3.5985,0.5212,0.0740,0.0759
20.199,-0.7467,0.4712,-3.5985,0.5212,0.0740,0.0759
20.267,-0.7467,0.4712,-3.5985,0.5206,0.0858,0.0711
20.324,-0.7467,0.4712,-3.5985,0.5205,0.0994,0.0683
20.419,-0.9942,0.3081,-4.5535,0.5212,0.1423,0.0675
20.465,-0.7244,0.4176,-3.5969,0.5238,0.1603,0.0660
20.522,0.2581,0.2636,-3.4925,0.5284,0.1867,0.0661
20.593,-0.6150,0.6227,-3.1628,0.5371,0.2230,0.0649
20.658,-0.6150,0.6227,-3.1628,0.5432,0.2511,0.0643
20.727,-0.6150,0.6227,-3.1628,0.5507,0.2885,0.0622
20.791,0.3817,0.6682,-3.2308,0.5541,0.3177,0.0633
20.859,0.3817,0.6682,-3.2308,0.5552,0.3499,0.0573
20.923,0.7064,1.0221,-2.3537,0.5576,0.3821,0.0548
20.984,1.5965,0.8806,-1.9204,0.5595,0.4146,0.0523
21.041,1.5965,0.8806,-1.9204,0.5613,0.4475,0.0514
21.108,1.5965,0.8806,-1.9204,0.5626,0.4925,0.0578
21.173,1.5965,0.8806,-1.9204,0.5600,0.5239,0.0586
21.239,1.5965,0.8806,-1.9204,0.5559,0.5486,0.0575
21.304,1.5965,0.8806,-1.9204,0.5516,0.5690,0.0533
21.371,1.5965,0.8806,-1.9204,0.5470,0.5874,0.0458
21.439,1.5965,0.8806,-1.9204,0.5445,0.5962,0.0375
21.502,1.5965,0.8806,-1.9204,0.5435,0.6003,0.0258
21.548,1.5965,0.8806,-1.9204,0.5329,0.5997,0.0189
21.587,1.5965,0.8806,-1.9204,0.5225,0.6004,0.0141
21.628,1.5965,0.8806,-1.9204,0.5097,0.6027,0.0107
21.673,1.5965,0.8806,-1.9204,0.4962,0.6065,0.0095
21.700,1.5965,0.8806,-1.9204,0.4897,0.6091,0.0093
21.734,1.5965,0.8806,-1.9204,0.4757,0.6152,0.0069
21.776,1.5965,0.8806,-1.9204,0.4608,0.6206,0.0081
21.805,1.1021,0.0165,-2.0155,0.4538,0.6236,0.0066
21.841,1.1021,0.0165,-2.0155,0.4394,0.6292,0.0081
21.869,1.1021,0.0165,-2.0155,0.4242,0.6351,0.0065
21.907,1.1021,0.0165,-2.0155,0.4087,0.6410,0.0059
21.944,1.4612,-0.7085,-2.6032,0.4010,0.6438,0.0057
21.974,2.4374,-0.5669,-2.4387,0.3858,0.6502,0.0058
22.011,2.5080,-1.4737,-2.0230,0.3703,0.6567,0.0068
22.038,2.5080,-1.4737,-2.0230,0.3626,0.6591,0.0071
22.078,2.3354,-2.4368,-2.2296,0.3451,0.6635,0.0069
22.105,2.3354,-2.4368,-2.2296,0.3357,0.6648,0.0057
22.151,1.6392,-2.6007,-1.5307,0.3059,0.6658,0.0080
22.174,1.6392,-2.6007,-1.5307,0.2961,0.6666,0.0060
22.211,2.3072,-2.7385,-2.2619,0.2753,0.6676,0.0044
22.242,2.3072,-2.7385,-2.2619,0.2647,0.6678,0.0033
22.283,2.3072,-2.7385,-2.2619,0.2433,0.6680,0.0026
22.314,2.4581,-1.7840,-2.0047,0.2219,0.6674,0.0017
22.346,2.4581,-1.7840,-2.0047,0.2006,0.6662,0.0038
22.377,2.4581,-1.7840,-2.0047,0.1897,0.6657,0.0034
22.412,2.4531,-1.8675,-3.0012,0.1683,0.6646,0.0020
22.450,2.4531,-1.8675,-3.0012,0.1468,0.6640,0.0006
22.480,2.4531,-1.8675,-3.0012,0.1370,0.6643,-0.0001
22.508,2.4531,-1.8675,-3.0012,0.1188,0.6650,-0.0031
22.547,2.4531,-1.8675,-3.0012,0.1023,0.6660,-0.0080
22.579,2.4531,-1.8675,-3.0012,0.0948,0.6667,-0.0104
22.619,2.4531,-1.8675,-3.0012,0.0822,0.6689,-0.0143
22.651,2.4531,-1.8675,-3.0012,0.0724,0.6721,-0.0194
22.681,2.4531,-1.8675,-3.0012,0.0682,0.6741,-0.0219
22.715,2.4531,-1.8675,-3.0012,0.0610,0.6783,-0.0279
22.746,2.4531,-1.8675,-3.0012,0.0561,0.6795,-0.0317
22.785,2.4531,-1.8675,-3.0012,0.0539,0.6692,-0.0331
22.821,2.4531,-1.8675,-3.0012,0.0522,0.6629,-0.0338
22.860,2.4531,-1.8675,-3.0012,0.0473,0.6488,-0.0308
22.886,2.4531,-1.8675,-3.0012,0.0419,0.6319,-0.0268
22.909,2.4531,-1.8675,-3.0012,0.0398,0.6228,-0.0254
22.954,2.4531,-1.8675,-3.0012,0.0352,0.6046,-0.0257
22.983,2.4531,-1.8675,-3.0012,0.0330,0.5951,-0.0246
23.016,2.4531,-1.8675,-3.0012,0.0285,0.5755,-0.0227
23.053,2.3679,-2.5343,-3.7416,0.0239,0.5561,-0.0232
23.086,2.4780,-1.8604,-3.0109,0.0194,0.5358,-0.0224
23.116,2.4279,-2.7060,-3.5425,0.0170,0.5257,-0.0226
23.153,2.4279,-2.7060,-3.5425,0.0120,0.5056,-0.0206
23.183,2.3997,-1.9400,-2.9002,0.0094,0.4963,-0.0199
23.222,2.3997,-1.9400,-2.9002,0.0042,0.4795,-0.0176
23.254,2.7009,-1.4438,-3.7146,-0.0024,0.4638,-0.0162
23.281,2.6070,-0.7792,-2.9733,-0.0066,0.4570,-0.0140
23.327,2.6070,-0.7792,-2.9733,-0.0197,0.4404,-0.0119
23.358,2.4793,-1.2152,-3.8641,-0.0245,0.4354,-0.0119
23.391,2.0070,-0.8724,-3.0521,-0.0339,0.4262,-0.0103
23.428,2.0070,-0.8724,-3.0521,-0.0435,0.4167,-0.0097
23.458,2.4930,-1.2108,-3.8578,-0.0488,0.4115,-0.0113
23.493,2.4930,-1.2108,-3.8578,-0.0594,0.4010,-0.0152
23.523,2.4930,-1.2108,-3.8578,-0.0645,0.3958,-0.0157
23.551,1.6403,-1.1180,-4.3719,-0.0746,0.3854,-0.0146
23.592,1.6403,-1.1180,-4.3719,-0.0844,0.3753,-0.0133
23.616,1.6403,-1.1180,-4.3719,-0.0893,0.3704,-0.0133
23.657,1.6403,-1.1180,-4.3719,-0.0999,0.3597,-0.0128
23.687,1.6403,-1.1180,-4.3719,-0.1107,0.3486,-0.0145
23.726,1.6403,-1.1180,-4.3719,-0.1218,0.3375,-0.0177
23.753,1.6403,-1.1180,-4.3719,-0.1270,0.3316,-0.0188
23.789,1.6403,-1.1180,-4.3719,-0.1368,0.3188,-0.0206
23.825,1.6403,-1.1180,-4.3719,-0.1414,0.3120,-0.0202
23.856,1.6403,-1.1180,-4.3719,-0.1503,0.2979,-0.0217
23.887,1.6403,-1.1180,-4.3719,-0.1582,0.2835,-0.0240
23.931,1.6403,-1.1180,-4.3719,-0.1656,0.2675,-0.0233
23.971,1.6403,-1.1180,-4.3719,-0.1707,0.2494,-0.0224
24.002,2.4063,-1.0698,-3.7309,-0.1723,0.2391,-0.0205
24.042,2.4063,-1.0698,-3.7309,-0.1729,0.2174,-0.0183
24.075,2.9511,-1.4863,-4.4587,-0.1746,0.1947,-0.0176
24.111,2.5396,-0.9516,-3.7206,-0.1771,0.1734,-0.0156
24.150,3.3908,-0.9124,-3.1973,-0.1787,0.1509,-0.0120
24.182,3.3908,-0.9124,-3.1973,-0.1795,0.1398,-0.0102
24.220,4.2239,-0.8696,-2.6457,-0.1810,0.1175,-0.0079
24.258,4.2239,-0.8696,-2.6457,-0.1813,0.0946,-0.0066
24.304,4.5567,-1.4057,-3.4214,-0.1811,0.0721,-0.0020
24.355,3.7730,-1.2781,-4.0293,-0.1802,0.0380,0.0007
24.398,3.7730,-1.2781,-4.0293,-0.1792,0.0154,0.0022
24.437,3.7730,-1.2781,-4.0293,-0.1783,-0.0081,0.0032
24.471,3.7730,-1.2781,-4.0293,-0.1781,-0.0315,0.0059
24.503,3.7730,-1.2781,-4.0293,-0.1779,-0.0434,0.0065
24.543,4.1379,-1.8233,-4.7840,-0.1778,-0.0642,0.0072
24.577,4.1379,-1.8233,-4.7840,-0.1772,-0.0774,0.0100
24.614,4.1379,-1.8233,-4.7840,-0.1766,-0.0876,0.0112
24.647,4.1379,-1.8233,-4.7840,-0.1755,-0.0966,0.0139
24.682,4.4552,-2.2782,-5.6161,-0.1746,-0.1004,0.0162
24.718,4.0935,-3.1565,-5.3036,-0.1725,-0.1062,0.0181
24.755,4.0935,-3.1565,-5.3036,-0.1704,-0.1093,0.0199
24.792,4.0935,-3.1565,-5.3036,-0.1684,-0.1111,0.0200
24.828,4.0935,-3.1565,-5.3036,-0.1671,-0.1124,0.0198
24.865,4.0935,-3.1565,-5.3036,-0.1669,-0.1125,0.0194
24.903,4.0935,-3.1565,-5.3036,-0.1670,-0.1125,0.0192
24.941,4.0935,-3.1565,-5.3036,-0.1670,-0.1125,0.0192
24.981,4.0935,-3.1565,-5.3036,-0.1670,-0.1125,0.0192
25.020,4.0935,-3.1565,-5.3036,-0.1670,-0.1125,0.0192
25.059,4.0935,-3.1565,-5.3036,-0.1652,-0.1118,0.0199
25.099,4.0935,-3.1565,-5.3036,-0.1626,-0.1111,0.0206
25.139,4.0935,-3.1565,-5.3036,-0.1586,-0.1107,0.0216
25.179,4.0935,-3.1565,-5.3036,-0.1534,-0.1107,0.0220
25.221,4.0935,-3.1565,-5.3036,-0.1478,-0.1114,0.0214
25.260,4.0935,-3.1565,-5.3036,-0.1416,-0.1125,0.0208
25.298,4.0935,-3.1565,-5.3036,-0.1350,-0.1135,0.0200
25.335,4.0935,-3.1565,-5.3036,-0.1281,-0.1146,0.0197
25.376,4.0935,-3.1565,-5.3036,-0.1211,-0.1156,0.0197
25.415,4.0935,-3.1565,-5.3036,-0.1121,-0.1161,0.0194
25.454,4.0935,-3.1565,-5.3036,-0.1012,-0.1162,0.0183
25.493,4.0935,-3.1565,-5.3036,-0.0898,-0.1165,0.0183
25.531,4.0935,-3.1565,-5.3036,-0.0789,-0.1170,0.0198
25.570,4.0935,-3.1565,-5.3036,-0.0707,-0.1179,0.0210
25.607,4.0935,-3.1565,-5.3036,-0.0640,-0.1185,0.0205
25.644,4.0935,-3.1565,-5.3036,-0.0613,-0.1187,0.0206
25.683,4.0935,-3.1565,-5.3036,-0.0579,-0.1193,0.0204
25.723,4.0935,-3.1565,-5.3036,-0.0568,-0.1202,0.0195
25.763,4.0935,-3.1565,-5.3036,-0.0567,-0.1203,0.0186
25.804,4.0935,-3.1565,-5.3036,-0.0567,-0.1203,0.0184
25.846,4.9629,-2.9872,-4.8394,-0.0567,-0.1203,0.0184
25.886,4.9629,-2.9872,-4.8394,-0.0567,-0.1203,0.0184
25.927,4.9629,-2.9872,-4.8394,-0.0567,-0.1203,0.0184
25.969,4.9629,-2.9872,-4.8394,-0.0567,-0.1203,0.0184
26.012,4.9629,-2.9872,-4.8394,-0.0567,-0.1203,0.0184
26.054,4.9629,-2.9872,-4.8394,-0.0567,-0.1203,0.0184
26.097,4.9629,-2.9872,-4.8394,-0.0567,-0.1203,0.0184
26.139,4.9629,-2.9872,-4.8394,-0.0567,-0.1203,0.0184
26.181,4.9629,-2.9872,-4.8394,-0.0567,-0.1203,0.0184
26.223,4.9629,-2.9872,-4.8394,-0.0567,-0.1203,0.0184
26.265,4.9629,-2.9872,-4.8394,-0.0567,-0.1203,0.0184
26.307,4.9629,-2.9872,-4.8394,-0.0567,-0.1203,0.0184
26.349,4.9629,-2.9872,-4.8394,-0.0567,-0.1203,0.0184
26.390,4.9629,-2.9872,-4.8394,-0.0567,-0.1203,0.0184
26.433,4.9629,-2.9872,-4.8394,-0.0567,-0.1203,0.0184
26.476,4.9629,-2.9872,-4.8394,-0.0567,-0.1203,0.0184
26.519,4.9629,-2.9872,-4.8394,-0.0567,-0.1203,0.0184
26.560,4.9629,-2.9872,-4.8394,-0.0567,-0.1203,0.0184
26.602,4.9629,-2.9872,-4.8394,-0.0567,-0.1203,0.0184
26.644,4.9629,-2.9872,-4.8394,-0.0567,-0.1203,0.0184
26.687,4.9629,-2.9872,-4.8394,-0.0567,-0.1203,0.0184
26.729,4.9629,-2.9872,-4.8394,-0.0567,-0.1203,0.0184
26.771,4.9629,-2.9872,-4.8394,-0.0567,-0.1203,0.0184
26.813,4.9629,-2.9872,-4.8394,-0.0567,-0.1203,0.0184
26.855,4.9629,-2.9872,-4.8394,-0.0567,-0.1203,0.0184
26.897,4.9629,-2.9872,-4.8394,-0.0567,-0.1203,0.0184
26.940,4.9629,-2.9872,-4.8394,-0.0567,-0.1203,0.0184
26.982,4.9629,-2.9872,-4.8394,-0.0567,-0.1203,0.0184
27.023,4.9629,-2.9872,-4.8394,-0.0567,-0.1203,0.0184
27.064,4.9629,-2.9872,-4.8394,-0.0567,-0.1203,0.0184
27.106,4.9629,-2.9872,-4.8394,-0.0567,-0.1203,0.0184
27.147,4.9629,-2.9872,-4.8394,-0.0567,-0.1203,0.0184
27.189,4.9629,-2.9872,-4.8394,-0.0567,-0.1203,0.0184
27.231,4.9629,-2.9872,-4.8394,-0.0567,-0.1203,0.0184
27.272,4.9629,-2.9872,-4.8394,-0.0567,-0.1203,0.0184
27.314,4.9629,-2.9872,-4.8394,-0.0567,-0.1203,0.0184
27.355,4.9629,-2.9872,-4.8394,-0.0567,-0.1203,0.0184
27.397,4.9629,-2.9872,-4.8394,-0.0567,-0.1203,0.0184
27.440,4.9629,-2.9872,-4.8394,-0.0567,-0.1203,0.0184
27.482,4.9629,-2.9872,-4.8394,-0.0567,-0.1203,0.0184
27.524,4.9629,-2.9872,-4.8394,-0.0567,-0.1203,0.0184
27.566,4.9629,-2.9872,-4.8394,-0.0567,-0.1203,0.0184
27.608,4.9629,-2.9872,-4.8394,-0.0567,-0.1203,0.0184
27.650,4.9629,-2.9872,-4.8394,-0.0567,-0.1203,0.0184
27.692,4.9629,-2.9872,-4.8394,-0.0567,-0.1203,0.0184
27.734,4.9629,-2.9872,-4.8394,-0.0567,-0.1203,0.0184
27.776,4.9629,-2.9872,-4.8394,-0.0567,-0.1203,0.0184
27.817,4.9629,-2.9872,-4.8394,-0.0567,-0.1203,0.0184
27.859,4.9629,-2.9872,-4.8394,-0.0567,-0.1203,0.0184
27.901,4.9629,-2.9872,-4.8394,-0.0567,-0.1203,0.0184
27.943,4.9629,-2.9872,-4.8394,-0.0567,-0.1203,0.0184
27.984,4.9629,-2.9872,-4.8394,-0.0567,-0.1203,0.0184
28.026,4.9629,-2.9872,-4.8394,-0.0567,-0.1203,0.0184
28.068,4.9629,-2.9872,-4.8394,-0.0567,-0.1203,0.0184
28.109,4.9629,-2.9872,-4.8394,-0.0567,-0.1203,0.0184
28.151,4.9629,-2.9872,-4.8394,-0.0567,-0.1203,0.0184
28.192,4.9629,-2.9872,-4.8394,-0.0567,-0.1203,0.0184
