timestamp,x,y,z
1.938,0.0000,0.0000,0.0000
3.462,0.0000,0.0000,0.0000
3.526,0.0000,0.0000,0.0000
3.587,0.0000,0.0000,0.0000
3.667,0.0000,0.0000,0.0000
3.733,0.0000,0.0000,0.0000
3.793,0.0000,0.0000,0.0000
3.855,0.0000,0.0000,0.0000
3.915,0.0000,0.0000,0.0000
3.982,0.0000,0.0000,0.0000
4.044,0.0000,0.0000,0.0000
4.104,0.0000,0.0000,0.0000
4.165,0.0000,0.0000,0.0000
4.234,0.0000,0.0000,0.0000
4.295,0.0000,0.0000,0.0000
4.356,0.0000,0.0000,0.0000
4.418,0.0000,0.0000,0.0000
4.488,0.0000,0.0000,0.0000
4.550,0.0000,0.0000,0.0000
4.612,0.0000,0.0000,0.0000
4.675,0.0000,0.0000,0.0000
4.742,0.0000,0.0000,0.0000
4.803,0.0000,0.0000,0.0000
4.865,0.0000,0.0000,0.0000
4.927,0.0000,0.0000,0.0000
4.992,0.0000,0.0000,0.0000
5.055,0.0000,0.0000,0.0000
5.118,0.0000,0.0000,0.0000
5.179,0.0000,0.0000,0.0000
5.245,0.0000,0.0000,0.0000
5.304,0.0000,0.0000,0.0000
5.364,0.0000,0.0000,0.0000
5.424,0.0000,0.0000,0.0000
5.489,0.0000,0.0000,0.0000
5.548,0.0000,0.0000,0.0000
5.609,0.0000,0.0000,0.0000
5.671,0.0000,0.0000,0.0000
5.740,0.0000,0.0000,0.0000
5.802,0.0000,0.0000,0.0000
5.863,0.0000,0.0000,0.0000
5.925,0.0000,0.0000,0.0000
5.991,0.0000,0.0000,0.0000
6.052,0.0000,0.0000,0.0000
6.112,0.0000,0.0000,0.0000
6.176,0.0000,0.0000,0.0000
6.252,0.0000,0.0000,0.0000
6.313,0.0000,0.0000,0.0000
6.376,0.0000,0.0000,0.0000
6.446,0.0000,0.0000,0.0000
6.513,0.0000,0.0000,0.0000
6.576,0.0000,0.0000,0.0000
6.645,0.0000,0.0000,0.0000
6.709,0.0000,0.0000,0.0000
6.786,0.0000,0.0000,0.0000
6.847,0.0000,0.0000,0.0000
6.909,0.0000,0.0000,0.0000
6.978,0.0000,0.0000,0.0000
7.045,0.0000,0.0000,0.0000
7.107,0.0000,0.0000,0.0000
7.172,0.0000,0.0000,0.0000
7.242,0.0000,0.0000,0.0000
7.317,0.0000,0.0000,0.0000
7.380,0.0000,0.0000,0.0000
7.438,0.0000,0.0000,0.0000
7.505,0.0000,0.0000,0.0000
7.578,0.0000,0.0000,0.0000
7.639,0.0000,0.0000,0.0000
7.705,0.0000,0.0000,0.0000
7.773,0.0000,0.0000,0.0000
7.843,0.0000,0.0000,0.0000
7.905,0.0000,0.0000,0.0000
7.968,0.0000,0.0000,0.0000
8.038,0.0000,0.0000,0.0000
8.111,0.0000,0.0000,0.0000
8.171,0.0000,0.0000,0.0000
8.237,0.0000,0.0000,0.0000
8.300,0.0000,0.0000,0.0000
8.375,0.0000,0.0000,0.0000
8.436,0.0000,0.0000,0.0000
8.501,0.0000,0.0000,0.0000
8.570,0.0000,0.0000,0.0000
8.639,0.0000,0.0000,0.0000
8.701,0.0000,0.0000,0.0000
8.770,0.0000,0.0000,0.0000
8.832,0.0000,0.0000,0.0000
8.906,0.0000,0.0000,0.0000
8.967,0.0000,0.0000,0.0000
9.032,0.0000,0.0000,0.0000
9.095,0.0000,0.0000,0.0000
9.170,0.0000,0.0000,0.0000
9.232,0.0000,0.0000,0.0000
9.298,0.0000,0.0000,0.0000
9.366,0.0000,0.0000,0.0000
9.434,0.0000,0.0000,0.0000
9.495,0.0000,0.0000,0.0000
9.567,0.0000,0.0000,0.0000
9.632,0.0000,0.0000,0.0000
9.702,0.0000,0.0000,0.0000
9.768,0.0000,0.0000,0.0000
9.829,0.0000,0.0000,0.0000
9.898,0.0000,0.0000,0.0000
9.967,0.0000,0.0000,0.0000
10.030,0.0000,0.0000,0.0000
10.093,0.0000,0.0000,0.0000
10.165,0.0000,0.0000,0.0000
10.235,0.0000,0.0000,0.0000
10.296,0.0000,0.0000,0.0000
10.361,0.0000,0.0000,0.0000
10.424,0.0000,0.0000,0.0000
10.495,0.0000,0.0000,0.0000
10.561,0.0000,0.0000,0.0000
10.625,0.0000,0.0000,0.0000
10.693,0.0000,0.0000,0.0000
10.762,0.0000,0.0000,0.0000
10.823,0.0000,0.0000,0.0000
10.948,0.0000,0.0000,0.0000
11.064,0.0000,0.0000,0.0000
11.171,0.0000,0.0000,0.0000
11.273,0.0000,0.0000,0.0000
11.390,0.0000,0.0000,0.0000
11.500,0.0000,0.0000,0.0000
11.624,0.0000,0.0000,0.0000
11.696,0.0000,0.0000,0.0000
11.801,0.0000,0.0000,0.0000
11.886,0.0000,0.0000,0.0000
11.955,0.0000,0.0000,0.0000
12.016,0.0000,0.0000,0.0000
12.104,0.0000,0.0000,0.0000
12.217,0.0000,0.0000,0.0000
12.333,0.0000,0.0000,0.0000
12.447,0.0000,0.0000,0.0000
12.600,0.0000,0.0000,0.0000
12.702,0.0000,0.0000,0.0000
12.773,0.0000,0.0000,0.0000
12.833,0.0000,0.0000,0.0000
12.896,0.0000,0.0000,0.0000
12.957,0.0000,0.0000,0.0000
13.101,0.0000,0.0000,0.0000
13.216,0.0000,0.0000,0.0000
13.323,0.0000,0.0000,0.0000
13.428,0.0000,0.0000,0.0000
13.497,0.0000,0.0000,0.0000
13.599,0.0000,0.0000,0.0000
13.707,0.0000,0.0000,0.0000
13.830,0.0000,0.0000,0.0000
13.959,0.0000,0.0000,0.0000
14.081,0.0000,0.0000,0.0000
14.197,0.0000,0.0000,0.0000
14.299,0.0000,0.0000,0.0000
14.414,0.0000,0.0000,0.0000
14.476,0.0000,0.0000,0.0000
14.547,0.0000,0.0000,0.0000
14.640,0.0000,0.0000,0.0000
14.745,0.0000,0.0000,0.0000
14.850,0.0000,0.0000,0.0000
14.980,0.0000,0.0000,0.0000
15.107,0.0000,0.0000,0.0000
15.279,0.0000,0.0000,0.0000
15.402,0.0000,0.0000,0.0000
15.534,0.0000,0.0000,0.0000
15.597,0.0000,0.0000,0.0000
15.688,0.0000,0.0000,0.0000
15.835,0.0000,0.0000,0.0000
15.950,0.0000,0.0000,0.0000
16.076,0.0000,0.0000,0.0000
16.142,0.0000,0.0000,0.0000
16.236,0.0000,0.0000,0.0000
16.379,0.0000,0.0000,0.0000
16.508,0.0000,0.0000,0.0000
16.656,0.0000,0.0000,0.0000
16.787,0.0000,0.0000,0.0000
16.902,0.0000,0.0000,0.0000
17.026,0.0000,0.0000,0.0000
17.168,0.0000,0.0000,0.0000
17.277,0.0000,0.0000,0.0000
17.340,0.0000,0.0000,0.0000
17.401,0.0000,0.0000,0.0000
17.469,0.0000,0.0000,0.0000
17.531,0.0000,0.0000,0.0000
17.598,0.0000,0.0000,0.0000
17.663,0.0000,0.0000,0.0000
17.732,0.0000,0.0000,0.0000
17.798,0.0000,0.0000,0.0000
17.865,0.0000,0.0000,0.0000
17.932,0.0000,0.0000,0.0000
18.006,0.0000,0.0000,0.0000
18.069,0.0000,0.0000,0.0000
18.131,0.0000,0.0000,0.0000
18.196,0.0000,0.0000,0.0000
18.268,0.0000,0.0000,0.0000
18.331,0.0000,0.0000,0.0000
18.395,0.0000,0.0000,0.0000
18.459,0.0000,0.0000,0.0000
18.531,0.0000,0.0000,0.0000
18.593,0.0000,0.0000,0.0000
18.657,0.0000,0.0000,0.0000
18.718,0.0000,0.0000,0.0000
18.790,0.0000,0.0000,0.0000
18.851,0.0000,0.0000,0.0000
18.911,0.0000,0.0000,0.0000
18.971,0.0000,0.0000,0.0000
19.042,0.0000,0.0000,0.0000
19.104,0.0000,0.0000,0.0000
19.166,0.0000,0.0000,0.0000
19.256,0.0000,0.0000,0.0000
19.330,0.0000,0.0000,0.0000
19.392,0.0000,0.0000,0.0000
19.456,0.0000,0.0000,0.0000
19.516,0.0000,0.0000,0.0000
19.587,0.0000,0.0000,0.0000
19.649,0.0000,0.0000,0.0000
19.714,0.0000,0.0000,0.0000
19.784,0.0000,0.0000,0.0000
19.852,0.0000,0.0000,0.0000
19.917,0.0000,0.0000,0.0000
19.980,0.0000,0.0000,0.0000
20.053,0.0000,0.0000,0.0000
20.120,0.0000,0.0000,0.0000
20.183,0.0000,0.0000,0.0000
20.243,0.0000,0.0000,0.0000
20.311,0.0000,0.0000,0.0000
20.378,0.0000,0.0000,0.0000
20.441,0.0000,0.0000,0.0000
20.505,0.0000,0.0000,0.0000
20.566,0.0000,0.0000,0.0000
20.635,0.0000,0.0000,0.0000
20.702,0.0000,0.0000,0.0000
20.764,0.0000,0.0000,0.0000
20.827,0.0000,0.0000,0.0000
20.926,0.0000,0.0000,0.0000
20.994,0.0000,0.0000,0.0000
21.065,0.0000,0.0000,0.0000
21.143,0.0000,0.0000,0.0000
21.210,0.0000,0.0000,0.0000
21.272,0.0000,0.0000,0.0000
21.336,0.0000,0.0000,0.0000
21.400,0.0000,0.0000,0.0000
21.469,0.0000,0.0000,0.0000
21.532,0.0000,0.0000,0.0000
21.597,0.0000,0.0000,0.0000
21.662,0.0000,0.0000,0.0000
21.740,0.0000,0.0000,0.0000
21.802,0.0000,0.0000,0.0000
21.868,0.0000,0.0000,0.0000
21.931,0.0000,0.0000,0.0000
22.000,0.0000,0.0000,0.0000
22.079,0.0000,0.0000,0.0000
22.140,0.0000,0.0000,0.0000
22.203,0.0000,0.0000,0.0000
22.275,0.0000,0.0000,0.0000
22.342,0.0000,0.0000,0.0000
22.406,0.0000,0.0000,0.0000
22.479,0.0000,0.0000,0.0000
22.575,0.0000,0.0000,0.0000
22.643,0.0000,0.0000,0.0000
22.709,0.0000,0.0000,0.0000
22.782,0.0000,0.0000,0.0000
22.855,0.0000,0.0000,0.0000
22.919,0.0000,0.0000,0.0000
22.983,0.0000,0.0000,0.0000
23.046,0.0000,0.0000,0.0000
23.115,0.0000,0.0000,0.0000
23.179,0.0000,0.0000,0.0000
23.244,0.0000,0.0000,0.0000
23.305,0.0000,0.0000,0.0000
23.378,0.0000,0.0000,0.0000
23.448,0.0000,0.0000,0.0000
23.513,0.0000,0.0000,0.0000
23.592,0.0000,0.0000,0.0000
23.660,0.0000,0.0000,0.0000
23.720,0.0000,0.0000,0.0000
23.782,0.0000,0.0000,0.0000
24.367,-0.2666,0.0411,-0.9629
24.470,-0.4497,0.1196,-1.9429
24.945,-0.2721,0.0515,-0.9611
25.006,0.4764,0.3826,-1.5357
25.086,0.4764,0.3826,-1.5357
25.267,0.7311,-0.5292,-1.8577
25.357,0.9148,-1.0641,-2.6824
25.506,1.2548,-1.6806,-3.3926
25.556,1.6794,-2.4861,-3.8059
25.640,1.6404,-2.9820,-4.6734
25.687,1.8945,-3.4945,-5.4937
25.736,1.1723,-3.1192,-6.0747
25.789,1.1723,-3.1192,-6.0747
25.844,1.1723,-3.1192,-6.0747
25.894,1.1723,-3.1192,-6.0747
25.942,1.1723,-3.1192,-6.0747
25.991,1.1723,-3.1192,-6.0747
26.045,1.1723,-3.1192,-6.0747
26.095,1.1723,-3.1192,-6.0747
26.157,1.1723,-3.1192,-6.0747
26.221,1.1723,-3.1192,-6.0747
26.289,1.1723,-3.1192,-6.0747
26.355,1.1723,-3.1192,-6.0747
26.419,1.1723,-3.1192,-6.0747
26.490,1.1723,-3.1192,-6.0747
26.553,1.1723,-3.1192,-6.0747
26.621,1.1723,-3.1192,-6.0747
26.679,1.1723,-3.1192,-6.0747
26.751,1.1723,-3.1192,-6.0747
26.826,1.1723,-3.1192,-6.0747
26.879,1.1723,-3.1192,-6.0747
26.947,1.1723,-3.1192,-6.0747
27.013,1.1723,-3.1192,-6.0747
27.086,1.1723,-3.1192,-6.0747
27.152,1.1723,-3.1192,-6.0747
27.209,1.1723,-3.1192,-6.0747
27.282,1.1723,-3.1192,-6.0747
27.349,1.1723,-3.1192,-6.0747
27.414,1.1723,-3.1192,-6.0747
27.481,1.1723,-3.1192,-6.0747
27.544,1.1723,-3.1192,-6.0747
27.619,1.1723,-3.1192,-6.0747
27.674,1.1723,-3.1192,-6.0747
27.746,1.1723,-3.1192,-6.0747
27.807,1.1723,-3.1192,-6.0747
27.883,1.1723,-3.1192,-6.0747
27.943,1.1723,-3.1192,-6.0747
28.009,1.1723,-3.1192,-6.0747
28.082,1.1723,-3.1192,-6.0747
28.147,1.1723,-3.1192,-6.0747
28.209,1.1723,-3.1192,-6.0747
28.285,1.1723,-3.1192,-6.0747
28.331,1.1723,-3.1192,-6.0747
28.402,1.1723,-3.1192,-6.0747
28.463,1.1723,-3.1192,-6.0747
28.558,1.1027,-2.8627,-5.1107
28.618,1.4227,-3.1176,-4.1982
28.684,1.4730,-3.0131,-3.2049
28.749,1.1320,-2.7611,-2.2993
28.828,1.3813,-2.3564,-1.4195
28.913,0.4028,-2.2317,-1.2554
28.992,0.2893,-1.7124,-0.4084
29.063,0.4616,-1.4854,0.5501
29.129,0.3308,-0.9819,1.4042
29.213,0.9317,-1.1183,2.1918
29.287,1.0089,-0.9155,3.1680
29.472,1.1073,-0.7893,4.1551
29.542,0.5962,-0.6681,5.0060
29.610,0.6564,-0.3120,5.9385
29.683,0.5927,0.1112,6.8423
29.755,0.8785,0.5268,7.7058
29.821,0.8785,0.5268,7.7058
29.889,0.9477,1.0758,8.5387
29.969,0.9477,1.0758,8.5387
30.046,0.9477,1.0758,8.5387
30.323,0.0690,1.0396,8.0627
30.462,-0.4074,1.2388,8.9190
30.558,-0.2780,1.0173,7.9525
30.635,-0.2780,1.0173,7.9525
30.717,0.7116,0.9321,8.0683
30.810,0.7116,0.9321,8.0683
30.929,0.7048,0.6130,7.1206
31.076,0.4784,0.8548,8.0641
31.254,0.4224,0.6035,7.0978
31.558,-0.4362,0.2932,7.5058
31.665,0.0079,0.7779,8.2593
31.784,-0.6512,0.3244,7.6594
31.882,-0.0367,0.7785,8.3045
31.931,-0.0367,0.7785,8.3045
32.003,-0.0367,0.7785,8.3045
32.052,-0.0367,0.7785,8.3045
32.130,-0.0367,0.7785,8.3045
32.211,-0.3016,0.1908,7.5400
32.268,-0.8785,-0.2253,6.8371
32.317,-1.3492,0.5169,7.3140
32.397,-2.2879,0.3567,7.0089
32.450,-1.3392,0.5105,7.2850
32.552,-2.2832,0.4547,6.9599
32.620,-3.2574,0.4422,6.7344
32.677,-4.1922,0.2594,6.4301
32.771,-5.1146,0.0129,6.1327
32.831,-4.7527,0.5389,5.3631
32.880,-5.6958,0.5106,5.0317
32.934,-4.7422,0.5517,5.3299
33.033,-5.5586,0.5099,4.7540
33.122,-5.5586,0.5099,4.7540
33.173,-5.5586,0.5099,4.7540
33.226,-5.5586,0.5099,4.7540
33.278,-5.5586,0.5099,4.7540
33.350,-5.5586,0.5099,4.7540
33.400,-5.5586,0.5099,4.7540
33.452,-5.5586,0.5099,4.7540
33.505,-5.5586,0.5099,4.7540
33.581,-5.5586,0.5099,4.7540
33.942,-4.8963,0.7318,5.4696
33.978,-4.8963,0.7318,5.4696
34.023,-4.8963,0.7318,5.4696
34.054,-4.8963,0.7318,5.4696
34.088,-4.8963,0.7318,5.4696
34.125,-4.8963,0.7318,5.4696
34.387,-4.0169,1.1929,5.5885
34.566,-3.2335,1.7763,5.8025
34.639,-3.2335,1.7763,5.8025
34.726,-3.2335,1.7763,5.8025
34.796,-2.2949,1.4352,5.8552
34.875,-2.2949,1.4352,5.8552
34.947,-2.2949,1.4352,5.8552
35.019,-2.2949,1.4352,5.8552
35.100,-2.2949,1.4352,5.8552
35.209,-1.4398,1.7402,5.4360
35.308,-1.2953,1.4683,4.4846
35.378,-0.4715,1.9332,4.8089
35.460,-0.0882,2.4227,5.5922
35.530,0.4732,2.6515,6.3874
35.611,1.0339,2.9840,7.1458
35.723,1.7629,2.3951,7.4948
35.817,2.1265,3.0365,8.1704
35.902,2.3750,3.6848,8.8901
36.246,2.6705,4.4641,9.4426
36.375,2.7522,4.1155,8.5089
36.411,2.7522,4.1155,8.5089
36.454,2.7522,4.1155,8.5089
36.479,2.7522,4.1155,8.5089
36.502,2.7522,4.1155,8.5089
36.538,2.7522,4.1155,8.5089
36.581,2.7522,4.1155,8.5089
36.638,2.1530,3.4388,8.9367
36.677,2.1530,3.4388,8.9367
36.746,2.1530,3.4388,8.9367
36.795,2.1530,3.4388,8.9367
36.842,2.1530,3.4388,8.9367
36.866,2.1530,3.4388,8.9367
36.901,2.1530,3.4388,8.9367
36.941,2.1530,3.4388,8.9367
37.005,2.1530,3.4388,8.9367
37.039,2.1530,3.4388,8.9367
37.084,2.1530,3.4388,8.9367
37.143,2.1530,3.4388,8.9367
37.187,2.1530,3.4388,8.9367
37.248,2.1530,3.4388,8.9367
37.287,2.1530,3.4388,8.9367
37.340,2.1530,3.4388,8.9367
37.382,2.1530,3.4388,8.9367
37.417,2.1530,3.4388,8.9367
37.452,2.1530,3.4388,8.9367
37.496,2.1530,3.4388,8.9367
37.531,2.1530,3.4388,8.9367
37.582,2.1530,3.4388,8.9367
37.619,2.1530,3.4388,8.9367
37.662,2.1530,3.4388,8.9367
37.704,2.1530,3.4388,8.9367
37.742,2.1530,3.4388,8.9367
37.795,2.1530,3.4388,8.9367
37.847,2.1530,3.4388,8.9367
37.910,2.1530,3.4388,8.9367
37.961,2.1530,3.4388,8.9367
38.029,1.2098,3.1676,9.1286
38.108,1.2098,3.1676,9.1286
38.199,1.2098,3.1676,9.1286
38.303,1.2098,3.1676,9.1286
38.427,1.2098,3.1676,9.1286
38.536,1.2098,3.1676,9.1286
38.621,1.2098,3.1676,9.1286
38.702,1.2098,3.1676,9.1286
38.867,0.3274,2.8593,9.4841
38.928,0.3274,2.8593,9.4841
38.979,-0.5098,2.7862,8.9423
39.030,-0.5098,2.7862,8.9423
39.067,-0.5098,2.7862,8.9423
39.111,-0.5098,2.7862,8.9423
39.176,0.1861,2.3726,9.5293
39.257,-0.4677,2.5045,8.7842
39.322,-0.4677,2.5045,8.7842
39.388,-0.4677,2.5045,8.7842
39.454,-0.4677,2.5045,8.7842
39.517,-0.4677,2.5045,8.7842
39.578,-0.4677,2.5045,8.7842
39.674,-0.4677,2.5045,8.7842
39.745,-0.4677,2.5045,8.7842
39.808,-0.4677,2.5045,8.7842
39.871,-0.4677,2.5045,8.7842
39.943,-0.4677,2.5045,8.7842
40.012,-0.4677,2.5045,8.7842
40.074,-0.4677,2.5045,8.7842
40.136,-0.4677,2.5045,8.7842
40.203,-0.4677,2.5045,8.7842
40.264,-0.4677,2.5045,8.7842
40.325,-0.4677,2.5045,8.7842
40.388,-0.4677,2.5045,8.7842
40.454,-0.4677,2.5045,8.7842
40.527,-0.9323,2.1503,9.5957
40.596,-0.9323,2.1503,9.5957
40.673,-0.1113,1.7962,10.0437
40.746,0.5812,1.5153,10.7082
40.844,0.3290,0.7677,11.3226
40.902,0.9656,1.0096,12.0548
40.962,1.6920,1.3859,11.4796
41.023,2.4215,1.8136,10.9460
41.087,2.9819,2.2848,10.2648
41.164,2.9819,2.2848,10.2648
41.242,2.3514,1.8321,10.8953
41.307,2.9675,2.2936,10.2570
41.363,2.9675,2.2936,10.2570
41.424,2.3798,1.8249,10.9165
41.481,2.3798,1.8249,10.9165
41.549,2.3798,1.8249,10.9165
41.606,2.3798,1.8249,10.9165
41.681,2.3798,1.8249,10.9165
41.749,2.3798,1.8249,10.9165
41.812,2.3798,1.8249,10.9165
41.894,2.3798,1.8249,10.9165
41.961,2.3798,1.8249,10.9165
42.025,2.3798,1.8249,10.9165
42.110,2.3798,1.8249,10.9165
42.172,2.3798,1.8249,10.9165
42.231,2.3798,1.8249,10.9165
42.286,2.3798,1.8249,10.9165
42.351,2.3798,1.8249,10.9165
42.409,2.3798,1.8249,10.9165
42.468,2.3798,1.8249,10.9165
42.538,2.3798,1.8249,10.9165
42.619,2.3798,1.8249,10.9165
42.689,2.3798,1.8249,10.9165
42.747,2.3798,1.8249,10.9165
42.802,2.3798,1.8249,10.9165
42.865,2.3798,1.8249,10.9165
42.940,2.3798,1.8249,10.9165
43.011,2.3798,1.8249,10.9165
43.084,2.3798,1.8249,10.9165
43.153,2.3798,1.8249,10.9165
43.210,2.3798,1.8249,10.9165
43.277,2.3798,1.8249,10.9165
43.336,2.3798,1.8249,10.9165
43.399,2.3798,1.8249,10.9165
43.455,2.3798,1.8249,10.9165
43.513,2.3798,1.8249,10.9165
43.569,2.3798,1.8249,10.9165
43.633,2.3798,1.8249,10.9165
43.688,2.3798,1.8249,10.9165
43.747,2.3798,1.8249,10.9165
43.816,2.3798,1.8249,10.9165
43.879,2.3798,1.8249,10.9165
43.932,2.3798,1.8249,10.9165
43.990,2.3798,1.8249,10.9165
44.047,2.3798,1.8249,10.9165
44.110,2.3798,1.8249,10.9165
44.165,2.3798,1.8249,10.9165
44.221,2.3798,1.8249,10.9165
44.281,2.3798,1.8249,10.9165
44.364,2.3798,1.8249,10.9165
44.419,2.3798,1.8249,10.9165
44.482,2.3798,1.8249,10.9165
44.553,2.3798,1.8249,10.9165
44.640,2.3798,1.8249,10.9165
44.702,2.3798,1.8249,10.9165
44.758,2.3798,1.8249,10.9165
44.814,2.3798,1.8249,10.9165
44.880,2.3798,1.8249,10.9165
44.936,2.3798,1.8249,10.9165
45.006,2.3798,1.8249,10.9165
45.061,2.3798,1.8249,10.9165
45.140,2.3798,1.8249,10.9165
45.223,2.3798,1.8249,10.9165
45.292,2.3798,1.8249,10.9165
45.348,2.3798,1.8249,10.9165
45.437,2.3798,1.8249,10.9165
45.527,2.3798,1.8249,10.9165
45.619,2.3798,1.8249,10.9165
45.692,2.3798,1.8249,10.9165
45.772,2.3798,1.8249,10.9165
45.851,2.3798,1.8249,10.9165
45.914,2.3798,1.8249,10.9165
45.982,2.3798,1.8249,10.9165
46.073,2.3798,1.8249,10.9165
46.153,2.3798,1.8249,10.9165
46.215,2.3798,1.8249,10.9165
46.277,2.3798,1.8249,10.9165
46.358,2.3798,1.8249,10.9165
46.446,2.3798,1.8249,10.9165
46.534,2.3798,1.8249,10.9165
46.593,2.3798,1.8249,10.9165
46.685,2.3798,1.8249,10.9165
46.750,2.3798,1.8249,10.9165
46.819,2.3798,1.8249,10.9165
46.882,2.3798,1.8249,10.9165
46.975,2.3798,1.8249,10.9165
47.047,2.3798,1.8249,10.9165
47.107,2.3798,1.8249,10.9165
47.166,2.3798,1.8249,10.9165
47.263,2.3798,1.8249,10.9165
47.323,2.3798,1.8249,10.9165
